Budget,Team_Size,Timeline,Priority,Domain,Risk
770487,5,3,High,E-Commerce,Low
334053,6,6,Low,Manufacturing,Low
542417,3,3,Low,E-Commerce,Low
343962,18,22,Low,Retail,Medium
308496,24,23,Critical,E-Commerce,High
571029,20,11,Low,Education,Low
832052,15,13,High,Education,Low
325772,12,6,Low,AI,Low
201414,13,14,High,Healthcare,Medium
865179,16,20,Low,AI,Low
182627,19,12,High,Manufacturing,Medium
301629,24,5,Low,E-Commerce,Low
910620,11,5,Medium,Finance,Low
498591,10,17,High,Education,Medium
488162,13,9,High,Finance,Low
738720,22,8,Medium,Education,Low
584714,14,11,Medium,Agriculture,Low
983794,3,10,Low,Agriculture,Low
520651,10,5,Medium,Manufacturing,Low
852787,12,9,Critical,AI,Low
774079,16,7,High,Education,Low
358607,25,20,High,Manufacturing,Medium
549245,20,15,High,E-Commerce,Low
245051,18,18,Low,Healthcare,Medium
214975,6,23,Medium,AI,High
725380,4,15,Critical,Manufacturing,High
590785,18,11,Low,Finance,Low
814825,19,11,High,Finance,Low
407757,15,8,Critical,Healthcare,Medium
857168,25,11,Medium,Retail,Low
211579,22,12,Medium,Education,Low
492077,7,20,Low,Manufacturing,Medium
439902,17,3,Low,Agriculture,Low
972064,11,10,Low,E-Commerce,Low
694916,4,5,Critical,Finance,Medium
897549,19,7,Medium,Cybersecurity,Low
676510,7,11,Critical,E-Commerce,Medium
665492,25,9,High,AI,Low
804314,22,14,Critical,Retail,Medium
573417,5,10,Medium,Finance,Low
454508,2,21,Medium,Manufacturing,High
330914,2,5,Low,E-Commerce,Medium
170674,3,13,Low,Retail,High
349565,10,24,Critical,E-Commerce,High
665427,6,21,Critical,E-Commerce,High
922733,17,16,Medium,Finance,Low
201639,23,16,High,AI,Medium
531071,16,4,Low,Healthcare,Low
522179,25,13,Low,E-Commerce,Low
300896,8,20,Critical,Education,High
542374,7,11,Critical,E-Commerce,Medium
179046,16,20,Low,Healthcare,Medium
783823,19,3,Low,E-Commerce,Low
274389,15,18,Critical,E-Commerce,High
520521,3,8,Critical,Healthcare,Medium
509386,10,17,High,AI,Low
830429,25,20,Critical,Education,Medium
299122,11,9,Low,Manufacturing,Low
871476,19,4,High,Healthcare,Low
152578,20,18,Medium,Healthcare,Medium
632496,4,8,Low,Manufacturing,Low
171262,23,10,Critical,Finance,Medium
697347,9,21,Low,Manufacturing,Low
185965,15,24,High,Logistics,High
314181,23,13,Medium,Logistics,Low
515011,6,24,High,Cybersecurity,Medium
431535,4,3,Critical,Manufacturing,High
690341,5,5,Medium,Retail,Low
378082,6,14,Low,E-Commerce,Medium
487477,11,8,Critical,Retail,Medium
837715,11,22,Low,Retail,Low
413921,23,6,Medium,Logistics,Low
221035,5,20,Medium,Logistics,High
395442,21,9,High,E-Commerce,Low
820892,22,11,Critical,Logistics,Low
987204,3,5,Critical,Logistics,Medium
146228,2,13,Medium,Logistics,High
269430,25,17,Critical,Retail,High
110139,5,5,Medium,Retail,Medium
137778,13,21,Medium,AI,Medium
233636,3,12,High,Healthcare,High
475190,8,24,Medium,Finance,Medium
470858,19,16,Medium,E-Commerce,Low
270395,7,16,Low,Education,Medium
872343,12,16,Medium,Logistics,Low
266931,24,6,Critical,Healthcare,Medium
593554,9,9,Critical,Agriculture,Low
420015,9,10,Low,E-Commerce,Low
517821,12,11,Low,Logistics,Low
468203,22,19,Critical,Retail,High
447235,2,6,High,Education,Medium
708792,10,4,Low,Manufacturing,Low
555673,13,13,Critical,Manufacturing,Medium
636265,5,15,Medium,Logistics,Low
146542,24,16,Low,Retail,Medium
945687,19,24,Medium,Agriculture,Low
552248,4,24,High,Manufacturing,High
429164,23,6,High,Retail,Low
424308,23,16,High,AI,Medium
831076,11,20,Medium,E-Commerce,Low
540869,23,15,Medium,Manufacturing,Low
696750,11,15,Low,Logistics,Low
400850,8,16,High,Cybersecurity,Medium
563246,16,24,Medium,Retail,Low
596171,25,8,Low,Logistics,Low
640490,23,23,High,Finance,Medium
958179,9,24,High,E-Commerce,Medium
945742,8,7,Low,Healthcare,Low
356736,17,22,Low,Cybersecurity,Medium
534572,22,21,Medium,AI,Low
618392,14,10,Medium,Healthcare,Low
887443,5,16,Medium,Education,Low
943170,24,19,Critical,Healthcare,Medium
684482,9,6,Critical,Education,Low
940346,16,24,High,Cybersecurity,Medium
742412,25,19,Critical,Retail,Medium
567574,7,18,Critical,Logistics,Medium
888295,9,23,High,Retail,Medium
608136,22,10,High,Cybersecurity,Low
181247,24,12,Medium,Logistics,Low
452161,12,20,Low,Education,Medium
258157,9,15,Medium,E-Commerce,Medium
167348,15,16,High,Retail,Medium
588557,15,4,Medium,AI,Low
508396,20,3,Critical,Cybersecurity,Low
106182,13,12,Critical,AI,Medium
664365,25,20,Medium,Cybersecurity,Low
330080,10,16,Critical,Healthcare,Medium
507746,12,24,Critical,Education,Medium
981334,16,7,Low,AI,Low
720644,20,24,Low,Finance,Low
773971,15,7,Critical,Education,Low
152727,10,15,High,E-Commerce,Medium
576786,12,13,Critical,Logistics,Medium
888539,15,11,Low,Cybersecurity,Low
120324,25,20,Low,Agriculture,Medium
335113,22,5,Low,Healthcare,Low
359295,8,3,Medium,E-Commerce,Low
232352,17,24,Low,Manufacturing,Medium
328552,16,11,High,Education,Low
735324,21,6,Medium,Logistics,Low
213349,20,3,High,Manufacturing,Medium
810250,14,15,Medium,Finance,Low
720859,24,23,Medium,Finance,Low
831059,11,24,Low,Manufacturing,Low
920652,3,14,Critical,Agriculture,High
172306,18,23,High,Healthcare,High
990844,15,18,Low,AI,Low
479781,22,17,Medium,AI,Low
284692,25,19,High,Manufacturing,High
947458,19,18,Critical,AI,Medium
965845,25,21,High,Agriculture,Medium
993085,9,5,High,Cybersecurity,Low
355709,16,21,Critical,Agriculture,High
130094,17,13,Medium,Cybersecurity,Medium
322423,13,11,High,Logistics,Low
725113,24,11,Low,Retail,Low
300337,4,10,Critical,Cybersecurity,High
682144,9,18,Critical,Cybersecurity,Medium
931450,2,5,High,E-Commerce,Medium
524045,24,10,High,Manufacturing,Low
486945,17,20,High,AI,Medium
882169,19,13,High,Cybersecurity,Low
384076,11,11,Medium,Finance,Low
856321,8,13,Low,Retail,Low
899213,24,8,Medium,E-Commerce,Low
874483,17,11,High,Finance,Low
973074,8,12,Medium,Agriculture,Low
288158,11,3,Medium,Logistics,Low
147726,3,20,High,Education,High
768854,17,6,Low,Manufacturing,Low
398151,17,18,Critical,Agriculture,Medium
293319,3,11,Critical,Finance,High
962050,4,15,Critical,Finance,High
705050,22,24,Low,Education,Low
256445,20,12,Low,E-Commerce,Low
224205,19,16,Medium,Retail,Medium
498855,16,17,High,Manufacturing,Medium
549660,11,21,Low,Manufacturing,Low
876039,5,9,Medium,Logistics,Low
792509,4,8,Medium,Education,Low
678805,4,8,Low,AI,Low
572387,24,22,Critical,Logistics,Medium
134225,9,12,High,Cybersecurity,Medium
174637,23,10,High,Manufacturing,Medium
793300,8,16,Low,Retail,Low
335729,22,7,High,Education,Low
174878,3,8,High,Manufacturing,High
885339,20,12,Critical,Finance,Low
591465,24,12,Critical,Logistics,Low
624783,19,18,Critical,Finance,Medium
727086,3,16,High,Manufacturing,Medium
362529,2,5,Medium,Manufacturing,Medium
715643,2,24,High,Manufacturing,High
142185,7,18,Critical,Logistics,High
290305,20,16,Critical,Finance,High
592841,13,16,High,Agriculture,Low
802685,5,8,High,AI,Low
827369,17,12,Critical,Retail,Low
138479,16,5,High,Logistics,Medium
438977,5,15,Low,Retail,Medium
584417,15,4,Medium,Retail,Low
479353,21,18,Critical,Healthcare,Medium
313446,10,20,Medium,Logistics,Medium
559398,24,18,Low,Healthcare,Low
760626,21,10,Medium,Logistics,Low
677596,2,20,Critical,Finance,High
335615,5,17,Low,Education,Medium
622584,24,12,High,AI,Low
975271,17,18,Medium,Cybersecurity,Low
678043,6,15,Medium,Manufacturing,Low
632929,25,7,Low,Logistics,Low
910208,15,13,High,Healthcare,Low
396578,25,12,Critical,Education,Medium
568238,19,18,High,Agriculture,Low
678727,19,15,Critical,Agriculture,Medium
297816,24,10,Critical,E-Commerce,Medium
997594,15,4,High,Cybersecurity,Low
839485,14,15,Medium,Cybersecurity,Low
138817,6,19,High,Finance,High
986088,16,6,Critical,Healthcare,Low
857537,6,16,Medium,Finance,Low
592296,10,13,Critical,Finance,Medium
993140,12,24,Critical,Agriculture,Medium
757246,24,18,Low,Manufacturing,Low
171744,9,23,High,E-Commerce,High
883041,4,16,Low,Finance,Medium
565230,7,12,Low,Healthcare,Low
440131,3,12,High,Agriculture,Medium
551607,6,10,Critical,Manufacturing,Medium
814919,7,8,Medium,Finance,Low
739098,14,22,Medium,Cybersecurity,Low
711484,6,10,Critical,Logistics,Medium
581894,10,24,Low,Cybersecurity,Low
401603,23,20,Medium,Finance,Medium
563187,13,21,High,AI,Medium
823846,10,17,High,E-Commerce,Low
503380,17,6,Medium,AI,Low
699704,13,21,High,Logistics,Medium
123005,23,15,High,Healthcare,Medium
693419,23,4,Critical,Logistics,Low
913423,9,22,High,E-Commerce,Medium
767542,8,22,High,Education,Medium
758765,5,23,Low,Logistics,Medium
926918,16,4,High,Education,Low
194511,11,13,Critical,Education,High
310548,6,20,High,Retail,High
626169,10,8,High,Cybersecurity,Low
945664,11,13,Low,Cybersecurity,Low
178957,6,10,Critical,Retail,High
483542,4,15,Low,Logistics,Medium
662636,5,17,High,Logistics,Medium
712955,14,23,High,Finance,Medium
807617,9,18,Low,Manufacturing,Low
688678,12,22,Medium,Finance,Low
766269,16,12,Critical,Finance,Low
246566,3,4,High,Cybersecurity,High
221761,5,10,Medium,AI,Medium
575679,13,24,Critical,Manufacturing,Medium
878325,25,7,Critical,Finance,Low
974190,17,22,Critical,Logistics,Medium
134305,24,14,Medium,Cybersecurity,Medium
566297,9,14,Low,Agriculture,Low
670913,22,14,Low,AI,Low
389282,8,6,Critical,Finance,Medium
794963,8,23,Low,Healthcare,Low
925013,12,10,Medium,Manufacturing,Low
315173,4,20,Medium,Manufacturing,High
326441,9,13,Medium,Manufacturing,Low
102973,10,7,Medium,Retail,Low
362829,7,6,Low,Education,Low
115582,13,10,High,Healthcare,Medium
282710,10,4,Medium,AI,Low
651640,5,5,Critical,Cybersecurity,Medium
915809,13,19,Low,Cybersecurity,Low
628313,9,22,Low,Retail,Low
416282,16,23,Low,Healthcare,Medium
602248,14,16,Low,Cybersecurity,Low
847006,16,5,Low,Agriculture,Low
737846,6,5,Medium,Logistics,Low
754644,22,21,High,AI,Medium
726410,18,12,Critical,Retail,Low
734836,15,6,Low,Retail,Low
855855,8,16,Critical,E-Commerce,Medium
533914,12,17,Critical,AI,Medium
865054,5,13,Critical,Agriculture,Medium
797416,10,14,Medium,Cybersecurity,Low
170394,4,5,Low,AI,Medium
201255,25,14,Medium,Retail,Medium
162894,20,20,High,Finance,High
530764,13,24,Critical,Healthcare,Medium
401601,21,12,High,Finance,Low
705991,18,9,Medium,Cybersecurity,Low
335137,5,14,High,Finance,Medium
899649,10,21,Medium,AI,Low
986209,19,22,Low,Manufacturing,Low
789786,24,11,Low,Education,Low
386544,24,12,High,Agriculture,Low
106402,7,7,Critical,Finance,High
248766,25,23,Low,Finance,Medium
882354,18,9,Critical,AI,Low
575682,12,8,High,Logistics,Low
856648,12,21,Low,Healthcare,Low
263137,7,22,Low,Finance,High
385320,16,24,Critical,Cybersecurity,High
736565,16,16,High,E-Commerce,Low
891615,18,6,High,AI,Low
216276,11,24,Critical,Retail,High
799539,11,4,Medium,AI,Low
728437,3,3,Medium,Logistics,Low
321494,6,11,High,Agriculture,Medium
225812,2,18,Critical,Education,High
235461,14,20,Medium,Retail,Medium
685864,23,14,Low,AI,Low
878086,3,16,Low,Cybersecurity,Medium
181644,12,21,Critical,Manufacturing,High
524068,24,23,Critical,Logistics,Medium
220768,14,3,High,Education,Medium
940247,21,17,High,Finance,Low
557925,5,10,Critical,Manufacturing,Medium
519902,18,5,Critical,Logistics,Low
882033,12,10,High,Education,Low
180089,18,23,Low,Retail,Medium
634723,8,14,High,Education,Low
347745,5,7,High,E-Commerce,Medium
281926,21,7,Low,Education,Low
910389,22,18,Critical,Manufacturing,Medium
896788,20,17,High,Agriculture,Low
258290,16,5,Critical,Cybersecurity,Medium
762055,11,11,Low,Agriculture,Low
631981,4,12,Critical,Cybersecurity,Medium
139434,3,14,High,Finance,High
775981,4,22,Critical,Cybersecurity,High
708519,19,4,Critical,Manufacturing,Low
783501,8,13,Critical,Retail,Medium
258189,3,17,Low,Agriculture,High
849014,4,19,Medium,Healthcare,Medium
359778,24,17,Critical,Retail,Medium
648141,21,8,High,Agriculture,Low
396635,14,16,High,Manufacturing,Medium
154909,22,23,High,Finance,High
445705,5,20,Critical,Logistics,High
364236,25,24,Medium,Agriculture,Medium
185461,20,24,Medium,Agriculture,Medium
425301,22,24,Critical,Education,High
723945,24,5,High,Retail,Low
494976,22,13,Medium,Retail,Low
197992,22,24,Critical,Retail,High
479404,2,14,High,Education,High
324597,12,18,Medium,E-Commerce,Low
244247,6,5,High,Finance,Medium
632351,19,19,Low,Agriculture,Low
903531,21,7,Critical,Education,Low
270128,7,22,Medium,Cybersecurity,High
145814,15,14,Medium,Cybersecurity,Medium
740255,11,17,Medium,Retail,Low
350786,11,18,Medium,Agriculture,Low
811256,20,17,Critical,Logistics,Medium
915922,14,19,Critical,Education,Medium
956572,8,22,Medium,Logistics,Low
154714,22,18,High,Retail,Medium
207573,24,19,Low,Logistics,Medium
187949,7,11,Critical,Retail,High
254506,15,5,Medium,Cybersecurity,Low
466566,2,16,Low,AI,Medium
626392,13,10,Critical,Finance,Low
493124,9,3,High,Finance,Low
979940,24,23,High,Education,Medium
244283,3,12,Critical,Education,High
895702,24,18,Critical,Manufacturing,Medium
105506,4,3,High,E-Commerce,High
975522,6,20,Critical,Finance,High
913875,11,10,High,Finance,Low
150068,9,16,Critical,Finance,High
216242,17,22,Low,Retail,Medium
702980,9,7,High,AI,Low
101640,21,14,Medium,Manufacturing,Medium
536802,7,24,Low,Retail,Medium
478120,4,19,Low,AI,High
592972,3,23,Critical,Agriculture,High
365971,25,3,High,Finance,Low
461551,9,24,Low,Manufacturing,Medium
870899,12,7,Low,Agriculture,Low
672536,12,23,Medium,Cybersecurity,Low
829168,17,23,Medium,Education,Low
166165,24,17,Low,Logistics,Medium
311383,3,9,Low,Agriculture,Medium
425138,18,15,Critical,Logistics,Medium
138399,22,9,High,Agriculture,Medium
918771,3,23,High,Logistics,High
230521,13,16,Critical,Cybersecurity,High
505426,12,8,Critical,Cybersecurity,Low
485191,18,11,Low,AI,Low
182760,15,22,Medium,Retail,Medium
408036,12,6,Low,Agriculture,Low
793024,11,12,Critical,Manufacturing,Low
852524,15,8,Critical,Agriculture,Low
568849,3,14,Critical,Logistics,High
770532,3,5,Critical,Agriculture,Medium
638009,25,24,Medium,Healthcare,Low
249715,21,24,Critical,Healthcare,High
232361,4,10,High,Agriculture,High
501451,20,4,Medium,Cybersecurity,Low
488984,13,17,Low,Manufacturing,Low
244383,18,14,Critical,Agriculture,High
781113,10,10,Low,Healthcare,Low
871411,7,18,Critical,Retail,Medium
223481,10,11,Critical,E-Commerce,Medium
741599,11,18,Medium,Finance,Low
242321,4,17,Medium,Cybersecurity,High
192055,23,13,High,Finance,Medium
676713,19,12,High,Education,Low
846385,24,23,Medium,Agriculture,Low
633469,9,6,Medium,Education,Low
348235,17,3,High,Retail,Low
700076,13,17,Medium,Manufacturing,Low
190403,4,12,Critical,Cybersecurity,High
651231,15,16,Low,Education,Low
432427,22,5,Critical,Cybersecurity,Medium
813145,18,14,Medium,Retail,Low
770872,20,8,Medium,AI,Low
627290,3,6,Medium,Logistics,Low
272655,7,13,Medium,Agriculture,Medium
644103,11,5,High,E-Commerce,Low
765905,19,11,Medium,Logistics,Low
744274,19,5,Medium,Manufacturing,Low
708851,6,8,High,Manufacturing,Low
143195,2,5,Low,Manufacturing,Medium
377511,22,9,Critical,Manufacturing,Medium
770030,2,18,High,Logistics,Medium
606404,9,24,Critical,Logistics,Medium
575575,4,4,Medium,Cybersecurity,Low
535810,17,17,Medium,Agriculture,Low
736129,6,13,High,Agriculture,Medium
518084,6,14,Low,Agriculture,Low
353480,16,6,High,Cybersecurity,Low
359961,6,6,Low,Logistics,Low
502810,21,16,Medium,Education,Low
952993,12,21,High,E-Commerce,Medium
900190,7,18,Critical,Cybersecurity,Medium
423528,17,3,Low,AI,Low
629996,16,10,Medium,Manufacturing,Low
470037,3,4,High,Cybersecurity,Medium
726543,22,24,Critical,Logistics,Medium
662761,2,6,Critical,Education,Medium
377319,25,14,Critical,Agriculture,Medium
147440,14,4,Medium,Agriculture,Low
680096,11,5,Critical,Retail,Low
572230,19,11,Low,Education,Low
201377,14,14,High,Retail,Medium
483366,6,9,Critical,Retail,Medium
142210,3,4,Medium,Agriculture,Medium
943019,17,19,Critical,Education,Medium
735710,18,7,High,Manufacturing,Low
434002,7,15,High,Manufacturing,Medium
452713,18,19,Critical,Manufacturing,High
414353,17,3,High,Agriculture,Low
806537,5,16,High,Healthcare,Medium
725905,17,11,Medium,Healthcare,Low
711868,17,8,Critical,Education,Low
961574,23,10,Low,Manufacturing,Low
834549,5,9,Low,Cybersecurity,Low
428930,15,7,Critical,E-Commerce,Medium
530311,18,22,Critical,Healthcare,Medium
840058,6,19,Medium,Retail,Medium
440839,23,18,Critical,Agriculture,Medium
281594,16,20,High,Retail,High
471496,23,24,High,Manufacturing,Medium
607699,8,10,High,Retail,Low
412999,9,12,High,E-Commerce,Low
823769,24,18,High,Cybersecurity,Low
465746,19,11,High,Finance,Low
701334,23,20,Critical,AI,Medium
958130,13,7,High,Healthcare,Low
401602,24,5,High,Cybersecurity,Low
787836,10,18,Medium,E-Commerce,Low
968170,19,11,High,Education,Low
214532,21,21,Medium,E-Commerce,Medium
153231,23,19,Medium,E-Commerce,Medium
155040,5,16,High,Cybersecurity,High
205428,23,7,Low,Retail,Low
265613,15,23,Critical,Cybersecurity,High
782139,8,12,High,Logistics,Low
777273,3,5,Medium,Retail,Low
874568,25,4,Medium,AI,Low
978292,7,4,Critical,Cybersecurity,Medium
295361,25,12,Low,Healthcare,Low
412886,20,22,Low,Agriculture,Medium
398384,16,23,Critical,Education,High
992400,18,17,High,E-Commerce,Low
948102,5,13,Medium,Cybersecurity,Low
779776,10,8,Low,Agriculture,Low
929179,11,21,Medium,Education,Low
740632,22,15,Critical,Retail,Medium
443856,4,15,Low,Education,Medium
247442,17,13,Medium,Healthcare,Medium
373453,14,10,Critical,Logistics,Medium
445637,11,21,Low,Logistics,Medium
785436,13,10,Low,Finance,Low
588002,11,8,Critical,Retail,Low
837733,11,6,High,Agriculture,Low
744481,9,10,Medium,Cybersecurity,Low
260626,16,22,High,AI,High
836038,19,18,Medium,E-Commerce,Low
813390,21,5,Critical,Retail,Low
837952,13,5,Low,Healthcare,Low
969032,19,19,Medium,Manufacturing,Low
662728,6,8,High,Retail,Low
563303,5,24,Medium,Manufacturing,Medium
612573,4,19,Critical,Healthcare,High
575458,6,19,Critical,Cybersecurity,High
691303,3,20,Critical,Logistics,High
858414,2,15,High,Healthcare,Medium
882032,8,21,Low,Healthcare,Low
544278,13,5,Low,Finance,Low
595002,3,12,Critical,Education,Medium
906325,6,23,Critical,Agriculture,High
501058,16,15,Critical,Finance,Medium
815894,23,20,Medium,Agriculture,Low
224395,7,20,Critical,Retail,High
233533,25,10,Low,Healthcare,Low
412856,16,24,Critical,Retail,High
497700,9,10,Critical,Agriculture,Medium
262656,10,9,Low,Healthcare,Low
948799,23,16,Low,E-Commerce,Low
316092,4,6,Low,Cybersecurity,Medium
726822,23,4,Medium,Healthcare,Low
521805,16,10,Medium,Healthcare,Low
246942,18,12,Medium,Manufacturing,Low
434394,20,22,High,E-Commerce,Medium
416422,6,24,Medium,AI,Medium
415098,10,4,Medium,AI,Low
682851,17,4,High,AI,Low
923975,18,13,Critical,AI,Medium
256466,11,15,Medium,Retail,Medium
596520,9,10,High,Education,Low
944917,16,4,Critical,AI,Low
684357,18,7,Critical,E-Commerce,Low
367382,8,13,Low,Cybersecurity,Low
988283,13,5,Medium,Healthcare,Low
381502,14,24,Low,Finance,Medium
297303,20,24,Medium,Cybersecurity,Medium
319036,12,12,Low,E-Commerce,Low
299254,25,6,Critical,E-Commerce,Medium
829417,21,9,Critical,E-Commerce,Low
678897,12,12,Critical,Cybersecurity,Low
659572,22,14,High,Logistics,Low
477114,18,18,Critical,Finance,Medium
941814,25,18,High,E-Commerce,Low
488712,12,16,Low,Manufacturing,Low
332022,25,7,Low,Logistics,Low
680189,20,21,Critical,Logistics,Medium
259814,8,13,Medium,AI,Medium
697467,9,18,High,Logistics,Low
900441,17,23,Critical,Cybersecurity,Medium
276405,25,14,Medium,Education,Medium
855303,19,18,Medium,Retail,Low
772985,3,19,Low,Finance,Medium
957730,23,4,Low,AI,Low
244170,22,10,Low,Education,Low
109585,8,19,Critical,Agriculture,High
163386,21,23,Critical,Cybersecurity,High
116495,2,20,Critical,Healthcare,High
117538,18,11,High,Healthcare,Medium
626611,24,24,Critical,Education,Medium
212214,5,19,Medium,E-Commerce,High
301255,21,19,High,Agriculture,Medium
380310,14,5,High,AI,Low
581294,20,10,Medium,Logistics,Low
817269,4,23,Low,Finance,Medium
524965,14,15,Critical,Healthcare,Medium
767678,2,8,Low,Cybersecurity,Low
986392,15,23,High,Manufacturing,Medium
999636,5,19,Low,E-Commerce,Medium
321686,24,21,Critical,Logistics,High
148823,4,24,High,Retail,High
690882,23,4,Medium,Agriculture,Low
116418,8,21,Medium,AI,Medium
180674,11,8,Medium,Manufacturing,Low
975194,14,24,High,AI,Medium
892313,25,7,Low,Retail,Low
881667,13,4,Low,AI,Low
343420,4,13,Critical,Agriculture,High
131064,22,11,Critical,Cybersecurity,Medium
339220,13,20,Critical,AI,High
294760,23,21,Critical,Finance,High
909676,21,12,Medium,Finance,Low
186023,10,7,Critical,Education,Medium
875584,14,13,High,Finance,Low
195966,2,12,Critical,Agriculture,High
898329,10,6,Medium,Finance,Low
296494,15,17,Critical,Finance,High
127537,4,14,Low,Manufacturing,High
727094,12,15,Low,Logistics,Low
533911,14,5,Medium,Manufacturing,Low
646417,7,24,Critical,Education,High
245584,10,12,High,Cybersecurity,Medium
253023,4,8,Critical,Logistics,High
541557,11,18,Low,Agriculture,Low
363926,9,23,Critical,Manufacturing,High
746624,8,17,Low,Education,Low
419457,2,15,High,Manufacturing,High
498343,12,17,High,AI,Medium
955088,22,22,Medium,Logistics,Low
436241,21,9,Critical,Agriculture,Medium
286266,14,13,High,Cybersecurity,Medium
703853,9,13,Critical,Logistics,Medium
956156,14,14,Low,Manufacturing,Low
309505,20,20,Medium,Retail,Medium
128223,25,17,Medium,Cybersecurity,Medium
936433,11,5,Critical,Cybersecurity,Low
245939,22,12,Medium,Logistics,Low
790658,6,16,Critical,Finance,Medium
570880,21,18,Critical,Retail,Medium
631221,24,16,Low,Agriculture,Low
835716,19,22,Low,Finance,Low
906306,9,24,High,Education,Medium
778428,21,4,Critical,Agriculture,Low
934908,15,6,Low,Finance,Low
371306,9,19,Medium,Cybersecurity,Medium
492292,14,17,Medium,Agriculture,Low
125755,17,6,High,AI,Medium
190025,5,7,High,Logistics,Medium
459731,16,9,Critical,Agriculture,Medium
599292,5,17,Critical,Agriculture,Medium
170437,11,4,Low,Healthcare,Low
990429,12,23,Low,Education,Low
876459,9,19,Medium,Retail,Low
267914,12,20,Critical,Cybersecurity,High
343118,14,23,Medium,Education,Medium
771590,23,16,Critical,Healthcare,Medium
873207,21,9,Critical,Manufacturing,Low
550418,14,3,Medium,E-Commerce,Low
391865,24,5,Low,Retail,Low
296041,13,13,Medium,Cybersecurity,Medium
219490,10,24,Critical,Retail,High
770153,12,22,Critical,Manufacturing,Medium
511612,20,6,High,Agriculture,Low
986589,16,22,Medium,Logistics,Low
744333,20,5,Medium,Agriculture,Low
223586,9,12,Low,Education,Low
491439,24,7,Critical,AI,Medium
725397,6,21,Critical,AI,High
294776,17,23,Medium,Retail,Medium
274971,17,12,Medium,Education,Low
429861,16,22,Low,Agriculture,Medium
110048,17,7,Medium,AI,Low
688861,18,23,Critical,AI,Medium
817956,17,16,Critical,Cybersecurity,Medium
275377,4,21,Low,E-Commerce,High
406278,3,11,Medium,Retail,Medium
402692,7,17,Critical,Retail,High
635618,5,21,Low,Logistics,Medium
912764,19,14,Low,Cybersecurity,Low
672892,8,16,Low,E-Commerce,Low
412170,3,17,High,Agriculture,High
956401,4,17,Low,E-Commerce,Medium
320073,25,21,High,Manufacturing,Medium
763508,15,8,Medium,E-Commerce,Low
953047,8,4,High,Retail,Low
394739,21,20,Medium,Agriculture,Medium
838253,11,12,High,Retail,Low
812296,5,7,Critical,Healthcare,Medium
390794,22,7,Medium,E-Commerce,Low
253347,24,13,Medium,AI,Medium
613234,6,21,High,AI,Medium
493396,16,5,Low,AI,Low
640659,25,11,High,Cybersecurity,Low
611751,12,21,Low,Finance,Low
866437,16,23,High,Finance,Medium
934328,19,15,Medium,AI,Low
964915,8,18,High,Agriculture,Low
968581,11,13,Medium,Manufacturing,Low
993829,17,13,Low,Healthcare,Low
204411,22,17,Low,Finance,Medium
999312,7,17,Critical,Healthcare,Medium
548580,8,7,High,Education,Low
387330,4,23,High,Logistics,High
186424,13,24,Medium,Healthcare,Medium
515594,22,12,Medium,AI,Low
787326,4,6,Low,E-Commerce,Low
599968,4,7,Medium,Retail,Low
813013,16,3,Low,Agriculture,Low
956800,5,16,Medium,Cybersecurity,Low
174268,9,15,Low,Finance,Medium
208214,12,14,High,Education,Medium
501312,6,23,Medium,Finance,Medium
656278,20,3,Medium,Cybersecurity,Low
468247,25,9,Medium,AI,Low
746002,23,17,Medium,Finance,Low
205345,6,6,Critical,Agriculture,High
550246,12,7,Medium,Logistics,Low
775933,4,10,High,Healthcare,Medium
989079,23,12,Medium,Retail,Low
736408,18,9,Critical,Logistics,Low
777558,3,10,Critical,AI,Medium
218220,9,18,Low,Retail,Medium
112653,13,13,Medium,AI,Medium
979727,20,16,High,Retail,Low
816116,7,18,Low,Healthcare,Low
715895,4,3,High,E-Commerce,Medium
141761,3,15,High,Retail,High
904373,15,16,Critical,Finance,Medium
771652,19,20,Medium,Logistics,Low
187657,11,5,Medium,Education,Low
662445,12,15,Low,Logistics,Low
832614,15,10,Low,E-Commerce,Low
190400,15,6,Critical,Manufacturing,Medium
738407,3,12,Medium,Finance,Low
113280,24,7,Low,Education,Low
620526,13,19,High,Education,Medium
489933,6,11,Low,Healthcare,Low
451284,15,11,Low,Logistics,Low
846925,20,23,Low,Cybersecurity,Low
577309,18,14,Low,Cybersecurity,Low
694423,7,14,Medium,Logistics,Low
910894,5,21,Low,E-Commerce,Medium
876764,18,3,Low,Healthcare,Low
356430,3,18,High,AI,High
257375,7,4,Critical,E-Commerce,High
437433,9,16,High,Logistics,Medium
966120,4,21,High,Finance,High
626428,23,4,Medium,E-Commerce,Low
943409,18,4,Critical,Finance,Low
587686,11,12,High,Finance,Low
679958,16,3,High,E-Commerce,Low
405759,20,12,Medium,Cybersecurity,Low
486162,20,18,Medium,Retail,Low
897423,9,7,Low,AI,Low
125071,9,20,High,Healthcare,High
451291,2,24,Critical,Logistics,High
208998,8,19,Medium,AI,Medium
615929,3,7,High,Finance,Medium
146032,9,19,Critical,Agriculture,High
580728,25,5,Low,Retail,Low
239999,22,15,Low,Manufacturing,Medium
695403,3,16,Medium,E-Commerce,Medium
405844,10,13,Critical,Agriculture,Medium
433507,16,11,Medium,Finance,Low
312559,6,21,Low,Education,Medium
210790,7,17,Critical,Agriculture,High
526259,5,20,High,E-Commerce,Medium
573869,11,17,High,Finance,Low
194813,7,24,High,Manufacturing,High
142288,8,13,Medium,Finance,Medium
845702,9,14,Critical,Retail,Medium
151328,23,12,High,Education,Medium
132591,14,17,Medium,Finance,Medium
584487,5,7,Low,Healthcare,Low
164664,9,7,Medium,AI,Low
490321,23,23,Low,Manufacturing,Medium
714590,10,5,Low,Finance,Low
307356,22,17,Medium,Finance,Low
988432,12,6,Low,Cybersecurity,Low
153097,7,21,Critical,AI,High
620226,2,15,Critical,Education,High
471136,8,8,High,Logistics,Low
567676,6,4,Medium,Logistics,Low
623125,15,20,Critical,Healthcare,Medium
191982,10,15,Medium,AI,Medium
309146,22,19,Medium,Retail,Medium
933456,2,15,High,Cybersecurity,Medium
670968,17,14,High,AI,Low
383572,7,3,High,Manufacturing,Medium
329659,2,11,Low,Cybersecurity,Medium
655149,13,21,Medium,Education,Low
204998,9,24,Medium,Logistics,Medium
659614,25,4,Medium,Manufacturing,Low
987624,14,14,Medium,Education,Low
348041,20,13,High,Manufacturing,Medium
129576,24,14,Medium,Manufacturing,Medium
297377,17,20,High,Education,High
614259,3,5,Low,E-Commerce,Low
730889,9,3,Critical,Healthcare,Low
447848,21,9,Medium,Agriculture,Low
851763,7,13,Low,Healthcare,Low
254887,20,7,Low,Retail,Low
482614,4,14,Critical,Manufacturing,High
205939,12,12,High,Education,Medium
265154,25,16,Critical,Agriculture,High
282664,24,20,High,E-Commerce,High
797860,20,8,Critical,Logistics,Low
869649,24,12,Medium,Education,Low
864234,2,21,Critical,Manufacturing,High
133955,7,22,High,Manufacturing,High
331625,22,21,Low,Cybersecurity,Medium
247475,12,5,Medium,Agriculture,Low
435039,7,23,Low,Agriculture,Medium
568325,2,11,Medium,E-Commerce,Low
826847,4,14,High,Finance,Medium
855408,2,4,Critical,Cybersecurity,Medium
868170,15,8,Critical,Cybersecurity,Low
497108,13,20,Critical,Finance,High
969067,17,21,Medium,Education,Low
573209,4,4,High,Healthcare,Medium
434198,10,6,Low,Agriculture,Low
278368,14,8,Low,Retail,Low
197627,12,22,Critical,Healthcare,High
552275,22,8,Critical,Education,Low
156157,5,13,Medium,E-Commerce,Medium
529161,24,20,High,Logistics,Medium
411847,9,6,Low,AI,Low
699544,19,18,Medium,Healthcare,Low
478356,2,16,Low,Logistics,Medium
963918,23,23,Critical,E-Commerce,Medium
201698,2,9,Medium,Logistics,Medium
185916,17,6,High,AI,Medium
593821,17,24,High,Finance,Medium
773045,19,15,Medium,Agriculture,Low
499974,13,8,Critical,Healthcare,Medium
376085,16,17,High,E-Commerce,Medium
977740,10,21,Low,Education,Low
888775,24,24,Low,Finance,Low
800596,13,20,Critical,Manufacturing,Medium
338564,19,4,Critical,Retail,Medium
538967,19,24,Critical,Manufacturing,Medium
347088,17,12,Low,AI,Low
995420,24,4,Medium,Finance,Low
893969,16,8,Medium,E-Commerce,Low
947732,8,7,Low,AI,Low
182175,23,16,Medium,Education,Medium
974625,21,11,High,Finance,Low
191254,14,20,Critical,Retail,High
441968,10,19,Critical,Healthcare,High
924758,24,22,Critical,Finance,Medium
534574,6,7,Low,Finance,Low
690016,5,12,High,AI,Low
376967,14,23,Critical,Manufacturing,High
738543,17,4,Medium,Logistics,Low
522548,6,22,Critical,Healthcare,High
515018,12,10,Low,Cybersecurity,Low
381631,13,3,High,Logistics,Low
426053,10,18,Low,E-Commerce,Low
240913,11,17,High,Logistics,Medium
864201,15,22,Low,E-Commerce,Low
563173,8,16,Critical,Retail,Medium
492073,3,19,Medium,Finance,High
426236,24,19,Critical,Education,High
918430,18,21,Low,Education,Low
302127,8,4,Medium,Healthcare,Low
578621,3,14,Medium,Logistics,Medium
486244,16,19,Critical,Finance,High
814263,2,10,High,Cybersecurity,Medium
722899,16,8,Critical,Manufacturing,Low
678115,13,14,Medium,Logistics,Low
885342,24,5,High,Healthcare,Low
505343,3,8,Medium,E-Commerce,Low
778827,9,24,Medium,Logistics,Low
783238,15,19,Low,Healthcare,Low
597126,6,23,Medium,Manufacturing,Medium
939767,2,10,High,Manufacturing,Medium
944193,11,23,High,AI,Medium
494763,13,17,High,E-Commerce,Medium
589368,11,24,Critical,Manufacturing,Medium
207282,2,19,High,Retail,High
778787,21,22,High,Logistics,Medium
817659,5,18,Low,Agriculture,Low
389913,22,13,High,Logistics,Medium
787991,24,23,High,E-Commerce,Medium
257212,18,10,Low,Manufacturing,Low
523727,23,13,Medium,Healthcare,Low
787237,17,12,High,AI,Low
524252,14,4,Medium,Agriculture,Low
861842,24,10,Critical,Agriculture,Low
631958,11,8,Medium,Logistics,Low
202344,17,7,High,Retail,Medium
899977,7,24,High,Finance,Medium
333049,13,10,High,AI,Low
926372,12,14,High,Manufacturing,Low
408334,16,6,Critical,Healthcare,Medium
765213,20,21,Low,Cybersecurity,Low
303993,18,6,Critical,Retail,Medium
412848,15,4,Medium,Education,Low
310026,12,16,Critical,Education,Medium
431752,24,8,Low,Cybersecurity,Low
448787,22,8,High,Healthcare,Low
104942,16,11,Medium,Education,Low
704272,7,18,Low,Education,Low
744328,15,23,Critical,AI,Medium
549865,17,15,Low,Healthcare,Low
659711,8,14,Low,Agriculture,Low
893612,18,9,Low,Healthcare,Low
757128,25,10,Medium,Agriculture,Low
427252,6,6,Critical,Retail,Medium
717265,11,8,Low,Healthcare,Low
412687,11,17,High,AI,Medium
820141,6,13,Critical,Agriculture,Medium
886553,8,8,Critical,Healthcare,Low
339513,9,7,Medium,Healthcare,Low
718337,18,8,Low,Agriculture,Low
845652,22,4,Critical,Logistics,Low
908713,19,22,Low,Manufacturing,Low
150290,23,6,Low,Healthcare,Low
823255,5,16,Critical,AI,Medium
229598,19,11,Critical,Education,Medium
315477,24,24,Low,Logistics,Medium
541315,23,6,High,Manufacturing,Low
735053,24,7,Critical,Finance,Low
636435,25,22,Low,Logistics,Low
219550,5,18,Medium,Manufacturing,Medium
309452,10,19,Medium,Agriculture,Medium
837606,15,12,Medium,Healthcare,Low
674765,17,9,Critical,Agriculture,Low
345896,2,3,Low,Finance,Medium
975804,20,24,Critical,Education,Medium
194458,18,5,Low,Logistics,Low
775636,9,17,High,Logistics,Low
586830,3,6,Medium,Healthcare,Low
993647,11,14,High,AI,Low
874415,5,6,Low,Healthcare,Low
993385,6,24,Medium,Agriculture,Medium
474894,16,22,High,Finance,Medium
490722,12,8,Low,AI,Low
519692,16,11,Critical,Cybersecurity,Low
938754,15,23,Medium,Finance,Low
238948,24,4,Medium,Finance,Low
536236,20,18,Critical,Education,Medium
741018,14,14,Low,Education,Low
606545,17,6,Critical,Cybersecurity,Low
148205,4,11,High,Healthcare,High
838793,23,19,Medium,Agriculture,Low
644315,18,22,Low,AI,Low
793856,25,10,Critical,Agriculture,Low
795951,23,23,Critical,Education,Medium
979789,19,22,Low,Healthcare,Low
774652,7,19,Critical,Cybersecurity,High
273438,4,18,High,E-Commerce,High
446968,10,4,Medium,Retail,Low
774567,14,15,Medium,Finance,Low
581395,16,21,Critical,Finance,Medium
998198,17,17,High,Finance,Low
621533,25,23,Low,Finance,Low
523037,15,4,Low,Finance,Low
930244,21,22,High,Retail,Medium
689648,8,23,Critical,Agriculture,Medium
480992,3,10,Critical,Agriculture,High
687360,21,22,Critical,Agriculture,Medium
850689,16,6,Low,E-Commerce,Low
102303,12,14,High,Retail,Medium
647341,13,6,Low,Education,Low
616342,6,16,Low,Logistics,Low
740524,8,9,Low,AI,Low
326061,16,9,High,Finance,Low
893928,15,4,Low,Cybersecurity,Low
579605,23,21,Medium,Cybersecurity,Low
104548,18,4,Critical,Manufacturing,Medium
606390,18,8,Medium,Education,Low
208584,14,24,High,Retail,High
503348,15,22,Medium,Logistics,Low
517196,12,12,Critical,Education,Low
244892,15,22,High,Retail,High
429159,24,20,Medium,E-Commerce,Medium
319899,21,12,High,Education,Low
844904,22,8,High,Finance,Low
897730,13,20,Critical,Manufacturing,Medium
698357,23,16,High,AI,Low
947568,2,19,Low,Healthcare,Medium
499371,6,4,Low,E-Commerce,Low
379947,7,12,High,Education,Medium
980155,3,12,Medium,Retail,Low
133875,13,17,Low,Manufacturing,Medium
808340,25,20,Medium,Retail,Low
507777,9,19,High,Healthcare,Medium
500118,14,16,High,Retail,Low
156415,2,11,Medium,Manufacturing,Medium
918859,16,10,High,Manufacturing,Low
673167,25,22,Medium,E-Commerce,Low
408467,16,8,Low,Education,Low
282237,25,19,Low,AI,Medium
142608,15,11,High,Education,Medium
268746,20,11,Low,Agriculture,Low
588983,24,7,Low,Education,Low
438302,21,4,High,Cybersecurity,Low
928278,20,20,High,Finance,Medium
922116,24,13,Medium,Education,Low
645895,4,19,Medium,AI,Medium
669460,19,15,Low,Agriculture,Low
331942,8,24,High,Agriculture,Medium
478323,11,9,Critical,Retail,Medium
963699,22,3,Low,Agriculture,Low
567315,9,23,Medium,Healthcare,Low
815706,12,15,Low,AI,Low
369054,19,12,Low,Retail,Low
962043,13,19,Critical,Cybersecurity,Medium
145981,11,23,Medium,Agriculture,Medium
638857,4,6,Medium,Retail,Low
659106,2,23,Low,E-Commerce,Medium
802897,22,9,Critical,Finance,Low
315565,19,16,Low,Education,Low
124906,16,13,Low,Finance,Medium
176806,3,8,High,Retail,High
173863,20,10,High,AI,Medium
506881,16,23,Critical,AI,Medium
431773,2,15,Low,Retail,Medium
106185,22,22,Low,Manufacturing,Medium
147727,24,5,High,Retail,Medium
211291,11,24,High,Manufacturing,High
190707,11,17,Critical,AI,High
962057,23,3,Critical,Education,Low
659381,9,7,Critical,Retail,Low
409307,22,7,High,Agriculture,Low
111691,19,20,Medium,Finance,Medium
143802,2,21,Critical,Retail,High
674122,4,12,Medium,Agriculture,Low
322022,15,23,Medium,Education,Medium
292930,9,22,High,E-Commerce,High
220190,7,24,Low,Retail,High
583671,22,20,Low,Logistics,Low
804313,4,11,Low,E-Commerce,Low
860835,20,18,High,Agriculture,Low
234443,23,23,Medium,Finance,Medium
398987,21,5,Medium,Agriculture,Low
609462,16,13,High,Manufacturing,Low
259797,20,21,High,Agriculture,High
549112,7,3,High,E-Commerce,Low
923824,9,23,Critical,Logistics,Medium
980919,13,7,High,Cybersecurity,Low
585331,16,14,High,Cybersecurity,Low
678469,5,8,Low,Logistics,Low
966589,6,20,Medium,Logistics,Medium
869177,22,5,Low,Healthcare,Low
990856,18,23,Low,Manufacturing,Low
707021,14,21,Medium,Healthcare,Low
678388,10,20,Critical,Education,Medium
483588,14,10,High,Education,Low
587274,18,19,Low,AI,Low
481540,18,3,Medium,Manufacturing,Low
817395,7,19,Medium,Cybersecurity,Medium
266956,7,21,Medium,Cybersecurity,High
476224,3,10,Critical,E-Commerce,High
165914,10,14,Medium,Healthcare,Medium
801062,8,19,High,AI,Medium
592489,16,4,Low,Agriculture,Low
208239,24,19,High,Logistics,High
706739,19,21,Medium,AI,Low
785428,14,14,Low,Retail,Low
363807,14,10,Critical,Agriculture,Medium
956934,13,18,Critical,Manufacturing,Medium
106918,18,7,Critical,Education,Medium
341162,4,19,High,E-Commerce,High
257538,7,8,High,Manufacturing,Medium
852146,5,24,Medium,AI,Medium
950576,12,6,Critical,Cybersecurity,Low
602290,8,21,Medium,AI,Low
123536,9,4,Medium,Manufacturing,Low
721121,7,7,Low,Manufacturing,Low
253999,3,8,High,Education,High
641737,14,22,Low,Logistics,Low
189913,8,17,Critical,Cybersecurity,High
278852,9,16,Medium,Manufacturing,Medium
960307,7,22,High,Education,Medium
859364,23,13,Critical,Manufacturing,Medium
719284,4,10,Critical,AI,Medium
238635,5,3,Medium,Retail,Medium
628859,23,16,Medium,Manufacturing,Low
200976,7,18,Low,Retail,Medium
627778,5,5,Critical,Education,Medium
732789,19,3,Critical,Retail,Low
541119,13,4,Critical,E-Commerce,Low
941272,17,15,High,Manufacturing,Low
943706,25,21,Low,AI,Low
240386,10,18,Medium,Finance,Medium
397026,21,20,Critical,Logistics,High
298202,2,3,Low,Retail,Medium
107543,14,23,Medium,Agriculture,Medium
528705,13,6,Medium,AI,Low
783226,20,11,High,Retail,Low
544136,20,14,High,AI,Low
891645,8,16,Critical,Education,Medium
488196,19,20,Critical,Logistics,High
421549,20,14,Critical,Education,Medium
996531,23,6,Medium,Cybersecurity,Low
921149,24,8,Low,E-Commerce,Low
633036,14,13,Low,Education,Low
508004,22,3,Low,Education,Low
594580,21,16,Low,Finance,Low
375871,9,14,Low,Manufacturing,Low
139589,25,15,Critical,Manufacturing,High
788049,18,12,Low,Education,Low
771394,17,17,Low,E-Commerce,Low
991884,23,19,High,E-Commerce,Medium
135241,21,19,Medium,Manufacturing,Medium
277715,23,4,High,E-Commerce,Medium
786837,2,8,Low,Logistics,Low
917546,14,14,Critical,AI,Medium
714549,8,19,Low,Finance,Low
194545,19,12,High,Agriculture,Medium
955129,10,10,Medium,Cybersecurity,Low
523579,20,3,High,Education,Low
526911,18,6,Low,Retail,Low
408545,12,6,High,Retail,Low
952646,20,11,Critical,AI,Low
690525,17,10,High,Cybersecurity,Low
814703,16,21,Low,Cybersecurity,Low
221916,10,5,Critical,E-Commerce,Medium
809794,24,10,High,AI,Low
470248,18,20,Low,Logistics,Medium
360316,11,5,Critical,Agriculture,Medium
179721,19,8,Critical,Agriculture,Medium
470711,8,21,High,Education,Medium
882401,23,9,Critical,E-Commerce,Low
346269,25,10,High,E-Commerce,Low
340341,8,10,High,Education,Low
916776,5,6,Low,Cybersecurity,Low
743644,2,20,Low,Cybersecurity,Medium
489227,21,13,Critical,Manufacturing,Medium
388078,17,8,High,AI,Low
332881,20,7,Low,Retail,Low
938095,15,18,Low,Retail,Low
464158,14,24,Medium,Cybersecurity,Medium
226215,24,19,Critical,Agriculture,High
822689,2,3,Medium,AI,Low
709231,5,13,High,Manufacturing,Medium
372315,7,20,High,E-Commerce,High
382495,17,22,High,Agriculture,Medium
292847,17,16,Medium,AI,Medium
834750,13,14,Critical,Logistics,Medium
572623,7,21,Medium,Manufacturing,Medium
819335,9,6,High,E-Commerce,Low
682316,15,15,Medium,Education,Low
938900,25,7,Critical,Healthcare,Low
285186,15,18,Medium,Retail,Medium
659921,25,13,Critical,Logistics,Medium
363165,19,21,Low,AI,Medium
203782,24,8,Low,E-Commerce,Low
953350,10,18,Low,Cybersecurity,Low
880762,12,11,High,Agriculture,Low
687569,19,11,High,Healthcare,Low
531762,5,14,Medium,Manufacturing,Low
703869,22,23,Medium,Logistics,Low
472358,12,24,Critical,Cybersecurity,High
182216,14,22,High,Cybersecurity,High
762398,6,8,High,AI,Low
761938,21,21,Critical,Finance,Medium
182954,7,13,Medium,Agriculture,Medium
432270,22,12,High,Manufacturing,Low
775958,14,11,Critical,Agriculture,Low
884225,20,19,Critical,AI,Medium
275445,7,3,Medium,E-Commerce,Medium
794180,10,5,Medium,Education,Low
516332,5,6,Low,Cybersecurity,Low
675074,3,3,Critical,Retail,Medium
902156,4,6,High,Manufacturing,Medium
262816,4,23,Critical,Logistics,High
340497,9,12,Critical,Education,Medium
237654,18,8,Low,Healthcare,Low
795781,13,13,Critical,Cybersecurity,Medium
666843,10,20,Critical,Education,Medium
831510,19,8,Critical,Manufacturing,Low
556106,18,23,High,Agriculture,Medium
605048,19,10,Low,Cybersecurity,Low
422823,13,16,High,Education,Medium
418319,2,3,Medium,Agriculture,Medium
400692,17,20,Low,Cybersecurity,Medium
892170,17,12,Low,AI,Low
936726,11,22,Medium,Healthcare,Low
674842,13,9,Critical,Retail,Low
558339,14,10,Medium,AI,Low
968668,14,10,High,Finance,Low
542750,22,10,High,Logistics,Low
779956,25,20,High,AI,Medium
297132,4,8,Medium,Logistics,Medium
215717,22,17,Critical,Logistics,High
834498,21,18,Medium,Agriculture,Low
120337,6,4,Low,Education,Medium
207241,11,11,Medium,Cybersecurity,Low
862427,2,10,Low,Education,Low
115440,17,9,High,AI,Medium
426711,17,14,Critical,Healthcare,Medium
446290,4,7,Low,Logistics,Medium
913331,14,5,Critical,Education,Low
301528,10,15,Low,Finance,Low
905459,24,10,Critical,Cybersecurity,Low
359168,25,4,Medium,Cybersecurity,Low
871041,5,19,Medium,Cybersecurity,Medium
508024,23,12,High,Education,Low
759726,25,4,Low,Logistics,Low
604605,22,12,Medium,Agriculture,Low
154617,23,9,Low,E-Commerce,Low
763653,15,13,Low,Education,Low
932978,10,21,Low,AI,Low
927477,9,3,Low,Manufacturing,Low
921533,24,18,Medium,Agriculture,Low
908239,4,10,Medium,Cybersecurity,Low
195841,23,22,High,Healthcare,High
162678,13,23,Medium,Retail,Medium
929912,5,7,Critical,E-Commerce,Medium
432125,19,23,High,Cybersecurity,Medium
868804,8,3,Critical,Agriculture,Low
859587,6,11,Low,Cybersecurity,Low
840951,16,20,High,Retail,Medium
830897,17,9,Medium,Retail,Low
464552,12,17,High,Manufacturing,Medium
681456,7,5,Medium,Cybersecurity,Low
410035,10,20,High,Cybersecurity,Medium
100754,22,19,Critical,Education,High
119629,21,14,Medium,Agriculture,Medium
856027,4,24,Critical,E-Commerce,High
649526,23,18,Medium,Manufacturing,Low
396882,12,16,High,Finance,Medium
200932,18,24,Low,Healthcare,Medium
975763,6,8,Low,E-Commerce,Low
212255,17,9,Low,Healthcare,Low
698749,22,15,Critical,Retail,Medium
754280,24,21,High,Healthcare,Medium
484150,9,22,Low,Healthcare,Medium
318877,22,18,Low,Cybersecurity,Low
939930,22,4,High,Retail,Low
879592,15,14,Low,Manufacturing,Low
378727,18,4,Low,Logistics,Low
181721,8,19,Low,Finance,Medium
860397,9,20,Critical,E-Commerce,Medium
302500,18,24,Medium,Manufacturing,Medium
755700,7,20,Critical,Finance,High
903506,22,21,High,Cybersecurity,Medium
836677,23,16,Low,Education,Low
930956,7,20,Critical,Retail,High
453907,23,8,Critical,Agriculture,Medium
430463,19,13,High,AI,Medium
901305,22,16,High,Manufacturing,Low
352415,20,20,Medium,AI,Medium
902903,19,11,High,Cybersecurity,Low
569237,14,3,Low,Logistics,Low
724702,2,19,Medium,Logistics,Medium
106887,11,10,Medium,Agriculture,Low
122755,24,11,Medium,Finance,Low
139569,16,14,Medium,Education,Medium
377860,13,21,Medium,E-Commerce,Medium
368691,11,5,Critical,Manufacturing,Medium
327999,25,5,High,Cybersecurity,Low
281301,17,21,Low,Manufacturing,Medium
773452,11,4,Critical,Finance,Low
918017,3,13,High,AI,Medium
536754,5,10,Low,AI,Low
156757,11,19,Low,Agriculture,Medium
666157,20,7,High,Retail,Low
831663,9,7,Low,AI,Low
567262,21,21,Low,E-Commerce,Low
552917,11,15,Medium,Education,Low
452497,4,18,Low,Retail,Medium
518582,10,5,Critical,Retail,Low
555596,24,7,Medium,Cybersecurity,Low
686464,8,18,Critical,Manufacturing,Medium
305625,19,22,Medium,E-Commerce,Medium
175124,10,16,High,Manufacturing,Medium
193946,5,24,Critical,AI,High
483010,13,9,High,Agriculture,Low
722725,22,3,High,Education,Low
466704,21,17,Medium,Cybersecurity,Low
147057,9,9,High,Education,Medium
894541,25,5,Low,Healthcare,Low
354854,21,7,High,Healthcare,Low
459946,24,6,High,Cybersecurity,Low
594078,2,13,Medium,Retail,Medium
322167,8,20,High,Retail,Medium
606489,21,7,Low,AI,Low
711324,23,19,Low,Logistics,Low
278593,3,12,Medium,Manufacturing,Medium
384459,3,17,Low,Finance,Medium
507523,23,11,High,Finance,Low
120005,11,23,Critical,E-Commerce,High
499194,18,6,High,Cybersecurity,Low
726111,19,5,Medium,E-Commerce,Low
624970,16,20,Low,Healthcare,Low
359409,18,12,High,Cybersecurity,Low
512509,25,8,Low,Agriculture,Low
817552,13,14,High,E-Commerce,Low
625600,10,4,High,AI,Low
954441,2,20,High,E-Commerce,High
259077,12,15,Medium,Finance,Medium
865344,14,19,Medium,AI,Low
352036,20,7,Critical,Logistics,Medium
734775,12,17,Medium,E-Commerce,Low
784167,6,21,Medium,Education,Medium
424008,24,19,Medium,AI,Medium
907455,6,23,Medium,Agriculture,Medium
171108,19,20,Low,Education,Medium
433025,6,3,High,AI,Medium
531228,11,17,High,Education,Low
916953,8,6,Medium,Education,Low
127470,21,22,High,Manufacturing,High
694587,21,10,Medium,E-Commerce,Low
820767,2,14,Low,Cybersecurity,Medium
240600,18,22,Critical,Agriculture,High
292913,14,18,Critical,Education,High
271742,8,10,Low,AI,Low
901677,2,11,Critical,E-Commerce,Medium
878427,23,9,Medium,Finance,Low
285679,16,22,Critical,Agriculture,High
579770,9,16,Critical,Healthcare,Medium
737460,25,15,High,AI,Low
741209,25,21,Low,Retail,Low
214626,16,17,Low,E-Commerce,Medium
643899,19,15,Low,Retail,Low
506216,18,23,Low,E-Commerce,Low
405323,16,15,High,Logistics,Medium
583757,7,16,High,Manufacturing,Medium
157196,24,19,Medium,Cybersecurity,Medium
970206,22,17,Low,Retail,Low
218669,7,21,Medium,AI,High
533648,12,17,Low,Education,Low
575718,20,9,Critical,Finance,Low
362230,12,23,Medium,Finance,Medium
195620,5,17,High,Finance,High
649262,24,15,Medium,AI,Low
677079,14,4,Medium,Agriculture,Low
692960,23,7,Medium,Education,Low
287555,24,4,Critical,Logistics,Medium
424553,25,17,High,Education,Medium
223264,6,9,Low,Manufacturing,Medium
902575,10,3,Critical,Cybersecurity,Low
996963,17,20,Low,Manufacturing,Low
617437,9,9,Critical,Cybersecurity,Low
530074,16,5,Low,E-Commerce,Low
673929,10,22,Medium,Healthcare,Low
293818,6,4,High,Healthcare,Medium
252436,3,24,High,Agriculture,High
191962,3,6,Critical,Education,High
269172,23,12,Medium,Cybersecurity,Low
885734,20,14,Low,Finance,Low
905843,11,13,High,AI,Low
960109,4,16,Low,Logistics,Medium
593687,6,6,High,Agriculture,Low
652654,15,19,Medium,E-Commerce,Low
741784,3,6,Low,Cybersecurity,Low
859246,24,22,High,AI,Medium
738419,12,11,High,Education,Low
744129,20,18,Critical,Cybersecurity,Medium
947228,7,22,Medium,Logistics,Medium
302957,2,6,Low,Cybersecurity,Medium
755843,5,9,Critical,AI,Medium
147702,12,14,Medium,Healthcare,Medium
771736,8,12,High,Finance,Low
422722,11,19,High,Healthcare,Medium
219366,23,13,High,AI,Medium
859584,20,22,Low,Education,Low
303440,12,13,Critical,Cybersecurity,Medium
935981,3,23,Medium,Cybersecurity,Medium
262934,22,17,High,Cybersecurity,Medium
922072,15,4,High,Manufacturing,Low
860180,23,13,Low,E-Commerce,Low
705445,23,13,High,Finance,Low
256557,10,3,High,AI,Medium
756944,19,8,Critical,Education,Low
724103,5,12,High,Healthcare,Low
384685,15,5,Critical,E-Commerce,Medium
489633,16,12,Medium,Retail,Low
417003,7,6,High,Healthcare,Medium
915572,8,5,Critical,Retail,Low
126146,17,19,Medium,E-Commerce,Medium
456637,17,19,High,Agriculture,Medium
250255,5,19,Medium,E-Commerce,High
859767,3,17,Critical,Retail,High
221462,2,12,Low,Manufacturing,Medium
191305,12,17,Low,Finance,Medium
645865,23,12,Low,Manufacturing,Low
895338,11,23,Medium,Agriculture,Low
310297,8,12,High,Retail,Low
434652,16,24,Low,Logistics,Medium
256574,7,11,Low,Healthcare,Medium
753205,19,19,Low,E-Commerce,Low
668882,13,20,High,Logistics,Medium
248433,24,12,Medium,Education,Low
174703,11,22,High,Retail,High
565198,3,7,Low,Cybersecurity,Low
808308,3,6,Critical,Healthcare,Medium
190302,15,15,Medium,Manufacturing,Medium
721549,22,17,High,Logistics,Low
448475,8,24,Low,Cybersecurity,Medium
695370,6,5,Critical,Finance,Medium
577714,11,24,Critical,Cybersecurity,Medium
342948,9,7,High,Agriculture,Low
511122,7,24,High,Agriculture,Medium
575301,17,3,Low,Cybersecurity,Low
218370,13,18,Critical,Education,High
395968,13,22,Medium,Retail,Medium
207932,14,6,High,Retail,Medium
780999,4,12,Critical,AI,Medium
719221,15,10,Medium,Retail,Low
266744,17,15,Low,Agriculture,Medium
318353,24,21,Critical,AI,High
694764,12,20,Medium,Education,Low
794799,23,5,Critical,Finance,Low
720928,21,17,High,Retail,Low
202397,16,8,High,AI,Medium
172988,21,6,Critical,Agriculture,Medium
618306,22,24,Low,Finance,Low
328182,6,21,Low,Education,Medium
792984,6,17,High,AI,Medium
745474,20,17,Medium,E-Commerce,Low
814622,12,12,High,AI,Low
852658,13,5,Low,Manufacturing,Low
635218,14,7,High,Healthcare,Low
487158,19,4,Low,Retail,Low
960622,13,6,High,Healthcare,Low
346668,15,21,Critical,Agriculture,High
846348,14,15,Critical,AI,Medium
671598,8,24,Medium,Cybersecurity,Low
245824,8,20,Critical,Agriculture,High
980764,15,7,High,Education,Low
240800,2,5,Low,Education,Medium
856379,17,24,Critical,Education,Medium
188776,6,23,Critical,Cybersecurity,High
927251,24,22,Critical,Manufacturing,Medium
288531,16,19,Critical,Retail,High
959907,16,15,High,E-Commerce,Low
294816,15,22,Low,Manufacturing,Medium
622355,25,10,High,AI,Low
672696,20,14,Low,Healthcare,Low
695748,17,14,Low,Manufacturing,Low
604923,24,5,Medium,Retail,Low
887042,10,17,Low,Retail,Low
739705,4,10,Critical,Finance,Medium
817303,22,20,High,Manufacturing,Medium
155337,12,20,Low,Cybersecurity,Medium
576089,18,18,High,AI,Low
470057,11,12,Medium,Healthcare,Low
828813,21,12,High,Healthcare,Low
759868,17,21,Medium,Manufacturing,Low
154127,23,12,Low,Logistics,Low
608307,4,7,Low,Logistics,Low
364294,6,22,High,Logistics,High
999529,10,3,Low,Manufacturing,Low
283095,20,7,Critical,Agriculture,Medium
947082,7,11,Medium,Cybersecurity,Low
289592,18,4,High,Finance,Medium
252117,21,7,Critical,AI,Medium
907789,14,10,Critical,Education,Low
321099,20,14,Low,Logistics,Low
892182,5,4,Medium,Cybersecurity,Low
518114,17,12,Critical,Retail,Low
345011,14,24,Critical,Cybersecurity,High
375382,6,19,Critical,Healthcare,High
402820,16,15,High,Retail,Medium
816047,3,6,High,AI,Medium
740140,22,11,High,Logistics,Low
380061,5,11,Critical,Cybersecurity,Medium
910707,23,10,Medium,Retail,Low
453796,23,8,High,Retail,Low
111091,23,3,Low,Healthcare,Low
531225,5,19,Low,Cybersecurity,Medium
468591,9,12,High,E-Commerce,Low
135695,2,22,Low,Healthcare,High
722999,23,9,Low,Finance,Low
190582,21,7,Critical,Manufacturing,Medium
942216,7,6,Medium,Logistics,Low
408877,16,24,Low,Cybersecurity,Medium
389809,15,24,High,Logistics,Medium
269833,4,11,Low,AI,Medium
507466,12,4,High,Logistics,Low
286572,16,5,Critical,E-Commerce,Medium
739947,14,8,Critical,Finance,Low
250861,19,16,Medium,Manufacturing,Medium
774588,5,17,High,Finance,Medium
136554,4,5,High,Cybersecurity,High
119676,17,7,Low,Healthcare,Low
796889,14,11,Medium,Agriculture,Low
510339,20,3,Critical,Cybersecurity,Low
557239,14,5,Medium,Healthcare,Low
503097,24,18,Low,Manufacturing,Low
661307,13,13,High,AI,Low
157875,22,23,Low,Agriculture,Medium
660596,12,5,Critical,Logistics,Low
779259,8,8,Low,AI,Low
792829,8,12,Critical,Finance,Low
761249,24,14,Critical,Finance,Medium
763529,16,9,Medium,Healthcare,Low
302472,2,21,Medium,Cybersecurity,High
507652,4,20,High,Cybersecurity,High
659876,16,3,Low,Agriculture,Low
158777,12,4,Critical,Finance,Medium
321960,22,24,Critical,Retail,High
256189,25,21,Medium,Finance,Medium
138669,25,7,Critical,Healthcare,Medium
594109,21,4,Medium,Education,Low
115063,7,23,Low,Logistics,High
960607,5,17,Medium,Manufacturing,Low
167064,5,6,Critical,Manufacturing,High
937995,21,10,Low,E-Commerce,Low
546915,12,24,Critical,Agriculture,Medium
226670,23,21,Medium,Agriculture,Medium
977057,8,4,Medium,Agriculture,Low
166292,5,11,Medium,AI,Medium
276214,24,14,Medium,Cybersecurity,Medium
355479,20,4,Medium,Finance,Low
929478,22,22,Critical,Education,Medium
116389,17,5,Low,Healthcare,Low
288128,4,23,High,AI,High
827191,17,7,Medium,Education,Low
770905,10,19,Critical,AI,Medium
350875,7,22,Low,Manufacturing,Medium
288744,24,18,Low,Logistics,Medium
464750,15,3,Medium,E-Commerce,Low
223215,18,6,High,Retail,Medium
632195,9,17,Medium,Logistics,Low
155646,8,6,Medium,Cybersecurity,Low
621682,7,8,Low,Healthcare,Low
776185,13,12,Medium,AI,Low
363592,12,22,Critical,Healthcare,High
209493,25,4,Medium,Education,Low
923648,2,18,Low,Finance,Medium
346729,25,17,High,AI,Medium
308405,25,24,High,E-Commerce,Medium
916814,5,13,Medium,Finance,Low
348636,25,16,Medium,AI,Low
331381,4,18,Critical,Healthcare,High
557037,6,9,Critical,Education,Medium
506145,13,7,Critical,E-Commerce,Low
762722,13,11,Medium,Agriculture,Low
233391,3,21,Low,Logistics,High
243132,5,17,Critical,AI,High
279517,12,10,High,Manufacturing,Medium
264404,22,22,Medium,Manufacturing,Medium
679606,9,5,Critical,Retail,Low
612977,8,21,Critical,Cybersecurity,Medium
392731,2,16,Medium,E-Commerce,Medium
443194,15,21,Medium,Manufacturing,Medium
256206,20,3,Critical,Healthcare,Medium
142004,17,19,Low,AI,Medium
656921,14,18,Low,Cybersecurity,Low
619344,9,5,Low,AI,Low
328596,6,14,High,E-Commerce,Medium
779099,4,3,Critical,Logistics,Medium
269662,24,17,Low,Cybersecurity,Medium
586288,6,15,Medium,Agriculture,Low
757258,16,23,Low,Finance,Low
503575,24,13,Low,Logistics,Low
546590,10,22,Medium,Finance,Low
750594,12,4,High,Healthcare,Low
216356,14,14,Critical,Manufacturing,High
142859,13,14,Medium,Retail,Medium
839113,4,20,Medium,Education,Medium
451199,9,20,Low,Cybersecurity,Medium
873199,20,9,Medium,Agriculture,Low
469844,10,19,Critical,Logistics,High
157105,4,14,High,Cybersecurity,High
609845,18,19,Low,Cybersecurity,Low
844305,19,24,High,Cybersecurity,Medium
751114,13,24,Low,E-Commerce,Low
580115,4,5,Critical,Education,Medium
402380,4,6,Medium,Logistics,Medium
217466,24,7,Critical,Education,Medium
314178,18,23,Low,Logistics,Medium
536770,23,20,Medium,Cybersecurity,Low
463541,15,17,Low,Logistics,Low
298244,4,3,Medium,Retail,Medium
775987,12,16,High,Agriculture,Low
609763,20,24,Critical,Cybersecurity,Medium
418853,20,7,High,Education,Low
927607,10,10,Critical,Agriculture,Low
402143,3,7,High,Logistics,Medium
578073,7,22,Medium,Retail,Medium
399102,7,8,Medium,Education,Low
349461,5,4,High,Manufacturing,Medium
232617,16,11,High,Education,Medium
315120,19,4,High,Agriculture,Low
255130,13,17,Medium,Retail,Medium
416208,5,3,Critical,Cybersecurity,Medium
905849,6,17,High,Education,Medium
104502,25,20,High,Logistics,High
596931,11,21,Medium,Manufacturing,Low
863933,16,13,Low,Cybersecurity,Low
142027,6,24,Low,Logistics,High
126000,14,22,Medium,Cybersecurity,Medium
474754,4,13,Low,Manufacturing,Medium
772465,8,21,Medium,Logistics,Low
305222,2,5,Critical,Finance,High
636648,14,9,Critical,Agriculture,Low
732471,21,19,Low,Agriculture,Low
516869,6,16,High,AI,Medium
490941,2,12,High,Agriculture,Medium
423050,16,20,Low,E-Commerce,Medium
863209,16,16,Critical,Logistics,Medium
271746,25,16,Critical,Education,High
976097,20,22,Low,Education,Low
317877,11,18,High,Finance,Medium
719371,14,5,Low,AI,Low
769836,10,16,Medium,Retail,Low
584567,24,21,Medium,E-Commerce,Low
295041,14,12,Critical,Healthcare,Medium
962767,11,21,High,Cybersecurity,Medium
686448,25,17,Medium,Healthcare,Low
929653,2,7,High,Logistics,Medium
771670,22,18,Low,Logistics,Low
537420,7,18,Medium,Healthcare,Low
225152,10,18,Low,Manufacturing,Medium
881782,13,21,Critical,Manufacturing,Medium
557250,10,23,Critical,Finance,Medium
491330,18,21,Low,Logistics,Medium
270757,20,4,Medium,Agriculture,Low
583439,24,7,High,Education,Low
155457,10,14,Critical,Agriculture,High
151081,11,12,Low,Retail,Low
303229,22,8,Low,Manufacturing,Low
889188,7,20,High,Agriculture,Medium
966985,23,12,High,Agriculture,Low
200488,19,21,High,Education,High
113524,6,19,High,Agriculture,High
916639,17,16,High,Education,Low
207392,8,7,Medium,E-Commerce,Low
933729,19,22,Low,AI,Low
582860,4,6,Medium,Healthcare,Low
602811,13,12,High,Education,Low
956727,16,22,High,Education,Medium
844378,11,3,Low,E-Commerce,Low
234966,24,7,Medium,Logistics,Low
231432,8,7,Low,AI,Low
824375,5,5,Low,Cybersecurity,Low
894122,15,4,Medium,Finance,Low
134385,23,19,Low,Cybersecurity,Medium
224698,10,4,Low,Logistics,Low
800015,2,6,Low,Manufacturing,Low
315378,20,9,Medium,Agriculture,Low
130680,4,7,High,Manufacturing,High
464733,13,8,Medium,Retail,Low
697935,4,6,Low,Retail,Low
327538,24,9,High,Education,Low
890645,19,3,Low,E-Commerce,Low
628687,24,18,High,Manufacturing,Low
294118,16,24,Low,Education,Medium
975290,13,15,Critical,E-Commerce,Medium
639231,9,16,Low,Agriculture,Low
229620,16,6,Medium,Cybersecurity,Low
899301,13,12,Low,Finance,Low
444053,17,6,Critical,Logistics,Medium
579142,21,12,Critical,E-Commerce,Low
680822,15,12,Critical,E-Commerce,Low
998392,4,18,High,Education,Medium
113406,23,18,Low,AI,Medium
559337,18,24,Low,Finance,Low
250331,14,15,Low,Education,Medium
167853,13,9,High,E-Commerce,Medium
723861,14,6,Medium,AI,Low
860427,17,11,High,AI,Low
473395,17,24,Critical,Cybersecurity,High
636256,10,7,Critical,Finance,Low
228125,10,18,Critical,E-Commerce,High
758894,6,3,Low,Healthcare,Low
970645,4,18,Low,Education,Medium
501219,21,24,High,Education,Medium
417459,21,22,Low,Finance,Medium
793193,18,18,Critical,E-Commerce,Medium
407823,23,18,Critical,Retail,Medium
374375,19,13,Low,Healthcare,Low
551313,5,15,Critical,Agriculture,Medium
994303,14,17,Critical,Healthcare,Medium
134455,7,20,High,Education,High
615353,15,7,High,AI,Low
611133,5,21,Critical,Retail,High
818666,19,21,Critical,Cybersecurity,Medium
689567,7,19,Low,AI,Medium
376185,17,21,Critical,Manufacturing,High
809348,13,12,High,Healthcare,Low
129514,20,4,Medium,Agriculture,Low
465823,25,21,Low,Agriculture,Medium
499060,5,16,High,Agriculture,Medium
531939,13,4,Medium,E-Commerce,Low
346019,22,12,Low,Finance,Low
419723,5,13,Medium,Healthcare,Medium
664570,12,4,Critical,AI,Low
695642,18,16,High,Healthcare,Low
829765,17,21,Low,Agriculture,Low
496086,20,15,High,Manufacturing,Medium
202472,17,6,Medium,Agriculture,Low
620860,18,24,High,Education,Medium
744693,11,14,Critical,E-Commerce,Medium
621091,22,5,Medium,Logistics,Low
378035,3,12,Critical,E-Commerce,High
754911,25,5,Low,Manufacturing,Low
453200,10,5,Critical,AI,Medium
319927,13,5,High,Retail,Low
943187,11,16,High,E-Commerce,Low
534439,14,11,Critical,Retail,Low
289373,2,23,Medium,Manufacturing,High
623452,8,24,Critical,Logistics,Medium
768914,19,22,Critical,Manufacturing,Medium
861911,22,4,Medium,Agriculture,Low
584952,6,10,Medium,Logistics,Low
985126,15,16,High,Finance,Low
764721,8,16,High,Logistics,Low
777424,7,11,Medium,AI,Low
350067,5,7,Medium,Healthcare,Low
357516,11,17,Critical,Retail,Medium
557318,15,23,Low,E-Commerce,Low
267099,10,7,Low,Logistics,Low
928028,10,24,Medium,Healthcare,Low
857568,17,3,Low,Finance,Low
429153,21,12,Low,AI,Low
481088,23,24,Low,AI,Medium
980605,25,7,Medium,Finance,Low
698708,25,19,Low,Retail,Low
796482,20,19,High,Cybersecurity,Medium
194632,9,22,Low,Agriculture,Medium
445281,20,15,Medium,AI,Low
328598,6,6,Medium,E-Commerce,Low
387883,16,16,High,Manufacturing,Medium
158642,17,20,High,Finance,High
431863,19,16,Critical,E-Commerce,Medium
391224,6,14,Critical,Agriculture,High
961264,11,3,Low,Healthcare,Low
824233,23,10,High,Retail,Low
503376,11,23,High,Finance,Medium
660894,9,17,Critical,Healthcare,Medium
512064,10,12,Low,E-Commerce,Low
411870,8,8,Critical,Agriculture,Medium
951703,22,16,Low,Logistics,Low
183985,17,18,Critical,Agriculture,High
852233,15,6,Medium,Logistics,Low
630930,4,14,Critical,Manufacturing,High
864654,19,13,Critical,Healthcare,Medium
898989,3,23,Medium,Cybersecurity,Medium
929443,22,7,Low,AI,Low
309794,22,12,High,Manufacturing,Low
186226,5,8,Medium,Retail,Medium
848226,22,7,Critical,Agriculture,Low
573421,17,7,High,Education,Low
820861,20,13,High,E-Commerce,Low
188498,15,14,Medium,AI,Medium
495648,20,10,Low,Healthcare,Low
685661,22,22,Medium,Finance,Low
584887,8,11,Medium,Healthcare,Low
520515,21,16,High,Education,Low
193387,13,8,Low,Healthcare,Low
853489,18,16,Critical,Cybersecurity,Medium
224269,9,9,Medium,Logistics,Low
401950,25,18,Critical,Education,Medium
552259,8,22,Medium,Logistics,Low
862008,23,9,Critical,Education,Low
528368,6,3,High,Logistics,Low
346924,21,17,Medium,Agriculture,Low
711218,23,23,Critical,Finance,Medium
110821,17,7,High,AI,Medium
820216,8,15,Critical,Manufacturing,Medium
368672,4,6,Low,Healthcare,Medium
449031,9,18,High,Manufacturing,Medium
803375,21,4,Low,Logistics,Low
629050,21,15,High,AI,Low
803869,13,7,Low,Manufacturing,Low
288085,10,8,Critical,Agriculture,Medium
590822,6,5,High,Retail,Low
553959,6,11,Low,Agriculture,Low
146307,6,18,High,Agriculture,High
550977,11,11,High,Retail,Low
428215,15,8,High,Cybersecurity,Low
900771,6,20,Critical,Healthcare,High
298096,6,4,Medium,Education,Medium
137604,17,11,Medium,Cybersecurity,Low
557629,5,18,Low,Cybersecurity,Low
473838,24,20,Critical,Cybersecurity,High
616935,5,7,Low,Agriculture,Low
198123,8,12,Medium,Education,Low
886365,18,11,Medium,Manufacturing,Low
104326,18,21,Medium,AI,Medium
180567,9,18,Low,Agriculture,Medium
127223,11,24,Low,AI,Medium
491704,20,6,High,Education,Low
130277,4,17,Critical,Cybersecurity,High
758879,10,22,Low,Agriculture,Low
145976,22,22,Critical,Agriculture,High
867080,25,21,Medium,E-Commerce,Low
151047,22,12,High,Healthcare,Medium
879930,4,20,Critical,Finance,High
518233,10,8,Medium,AI,Low
193520,2,9,Medium,AI,Medium
917357,14,12,Medium,Finance,Low
413048,17,16,High,Manufacturing,Medium
237664,13,24,Low,Agriculture,Medium
637555,8,18,Critical,AI,Medium
599583,10,21,Critical,Finance,Medium
893237,15,14,Medium,AI,Low
761322,15,5,Low,Retail,Low
458345,16,24,Medium,Education,Medium
619383,18,23,Low,Logistics,Low
590963,15,5,Critical,Logistics,Low
255825,6,24,High,E-Commerce,High
648501,15,12,Low,Retail,Low
180250,3,19,Low,Retail,High
545554,15,6,Critical,Manufacturing,Low
952308,10,14,High,Manufacturing,Low
185741,18,3,Low,Cybersecurity,Low
288274,7,15,Low,Finance,Medium
536471,24,12,High,Manufacturing,Low
859268,16,24,Critical,Manufacturing,Medium
947075,10,13,Medium,E-Commerce,Low
294078,4,22,High,Finance,High
554871,19,3,Low,AI,Low
222346,2,8,Critical,Cybersecurity,High
825411,14,24,Critical,Logistics,Medium
748543,21,14,Critical,Logistics,Medium
191892,6,7,Low,E-Commerce,Medium
217348,2,9,Low,E-Commerce,Medium
604487,22,7,Medium,AI,Low
982995,22,20,Medium,Finance,Low
415535,16,7,Critical,AI,Medium
122876,5,8,Medium,Cybersecurity,Medium
608608,17,3,Critical,Manufacturing,Low
354415,8,12,Critical,Healthcare,Medium
450067,2,6,Critical,AI,High
989838,17,21,High,Healthcare,Medium
611177,14,18,Critical,E-Commerce,Medium
848987,3,19,Low,AI,Medium
704402,12,20,Low,Logistics,Low
779792,15,18,Low,Cybersecurity,Low
752944,22,14,Critical,AI,Medium
121817,7,12,Medium,Cybersecurity,Medium
460550,16,10,Medium,Manufacturing,Low
818247,12,22,Critical,Education,Medium
407645,25,15,Critical,Agriculture,Medium
934637,17,8,Medium,Logistics,Low
824248,25,5,Critical,Education,Low
281708,8,8,Critical,Finance,Medium
932026,15,18,High,E-Commerce,Low
319606,19,4,Low,Agriculture,Low
373477,13,24,Medium,Education,Medium
968167,18,4,Low,Agriculture,Low
551538,5,22,Medium,Finance,Medium
689280,9,18,High,Agriculture,Low
923012,13,4,High,Education,Low
994863,24,19,Low,Healthcare,Low
559094,16,6,Low,Manufacturing,Low
739270,5,20,Low,Retail,Medium
210531,7,23,Low,E-Commerce,High
479205,7,12,Critical,Retail,Medium
622600,25,6,Medium,Agriculture,Low
450861,6,6,Medium,Cybersecurity,Low
535945,2,10,Critical,Agriculture,Medium
400687,18,8,Low,Logistics,Low
490527,24,16,High,E-Commerce,Medium
258975,18,16,Medium,Education,Medium
940715,15,16,Critical,Cybersecurity,Medium
993796,18,24,High,Healthcare,Medium
564077,6,3,Low,Finance,Low
454737,12,15,Medium,AI,Low
164454,14,4,Medium,Manufacturing,Low
160617,22,24,High,AI,High
521530,23,20,High,Agriculture,Medium
460875,2,11,Medium,AI,Medium
567863,22,9,Critical,Agriculture,Low
951266,22,15,Medium,Logistics,Low
188374,3,20,High,AI,High
860321,25,7,High,E-Commerce,Low
197328,18,20,High,Retail,High
457259,22,8,Low,Healthcare,Low
935294,19,21,High,E-Commerce,Medium
972655,11,16,Low,Healthcare,Low
982464,13,11,High,Finance,Low
150051,22,6,Critical,Logistics,Medium
700241,25,3,Critical,Agriculture,Low
347565,25,21,Medium,Agriculture,Medium
413735,11,24,Medium,AI,Medium
644909,25,10,Low,Agriculture,Low
641538,20,9,High,Cybersecurity,Low
202747,6,16,Critical,Finance,High
196729,3,16,Medium,Cybersecurity,High
325217,16,5,High,Retail,Low
522317,20,20,Critical,Logistics,Medium
712686,17,23,Critical,Cybersecurity,Medium
822487,17,16,Medium,Education,Low
630354,6,18,Critical,Education,Medium
838747,18,19,Low,E-Commerce,Low
577555,17,4,Medium,Retail,Low
487272,5,22,Critical,Finance,High
226737,13,21,High,Healthcare,High
648171,6,6,High,Logistics,Low
492649,11,12,Critical,Healthcare,Medium
929637,6,7,Critical,Healthcare,Medium
419987,11,9,Medium,Cybersecurity,Low
102187,5,20,High,Finance,High
146852,15,18,High,Manufacturing,Medium
574348,12,15,Critical,Manufacturing,Medium
239260,6,19,Critical,Cybersecurity,High
799631,16,7,High,Finance,Low
938663,21,24,Critical,AI,Medium
344131,14,13,Low,Cybersecurity,Low
871660,10,23,Low,Education,Low
841561,2,21,High,Retail,High
776498,5,23,Low,E-Commerce,Medium
748758,19,21,Low,Manufacturing,Low
647098,8,18,Low,Finance,Low
790229,19,8,Low,Logistics,Low
924974,8,10,Critical,Finance,Low
946118,19,22,High,AI,Medium
717499,3,18,Low,Agriculture,Medium
558245,7,16,Low,Retail,Low
432799,14,11,Low,Finance,Low
204158,19,8,High,Education,Medium
291542,10,5,Medium,Logistics,Low
527060,23,8,Low,Manufacturing,Low
441092,7,3,Low,Logistics,Low
508881,5,13,Medium,AI,Low
439966,10,15,Low,Healthcare,Low
312398,9,22,Medium,Cybersecurity,Medium
633328,18,15,Low,Logistics,Low
163577,12,17,Critical,Finance,High
607690,2,16,Medium,Healthcare,Medium
382234,19,21,Low,E-Commerce,Medium
900040,19,23,Medium,Logistics,Low
695848,15,17,Low,Retail,Low
313340,6,14,Medium,E-Commerce,Medium
663646,15,20,Critical,Healthcare,Medium
101049,16,22,High,Education,High
100569,3,18,High,Manufacturing,High
363076,23,15,High,E-Commerce,Medium
713583,18,12,Low,Education,Low
875089,19,21,Low,Logistics,Low
194073,14,6,Medium,Retail,Low
393033,15,9,High,Agriculture,Low
766023,10,17,High,E-Commerce,Low
794447,12,13,Medium,Cybersecurity,Low
728635,12,3,Medium,Healthcare,Low
738359,17,3,Low,Education,Low
533232,19,18,Critical,Retail,Medium
185090,22,23,Low,Retail,Medium
132450,23,17,Low,Agriculture,Medium
952262,14,22,High,AI,Medium
285793,24,3,Low,Cybersecurity,Low
488477,8,17,Low,E-Commerce,Low
879243,2,11,High,E-Commerce,Medium
194336,21,23,High,E-Commerce,High
345637,17,14,Low,Logistics,Low
616777,24,22,Medium,Healthcare,Low
305611,22,15,Low,Logistics,Low
696746,18,18,Medium,Retail,Low
303182,23,21,Medium,Finance,Medium
716735,6,5,Medium,Logistics,Low
697586,9,19,High,E-Commerce,Medium
988843,23,3,High,Retail,Low
575976,2,16,Low,Agriculture,Medium
553559,15,11,Low,Retail,Low
589251,17,14,Low,E-Commerce,Low
149246,10,16,Critical,Agriculture,High
105409,14,9,High,Finance,Medium
699596,2,10,Critical,Finance,Medium
362127,8,8,High,Logistics,Low
165896,22,23,Low,Healthcare,Medium
603281,15,3,High,Logistics,Low
359159,5,18,Medium,Agriculture,Medium
972957,3,13,Medium,Finance,Medium
913432,21,22,Critical,Finance,Medium
755725,16,21,Low,Finance,Low
163634,3,15,High,Finance,High
920664,6,4,Critical,Healthcare,Medium
416115,21,23,Critical,Finance,High
206773,23,4,Low,Logistics,Low
991215,14,15,Low,Manufacturing,Low
888490,15,10,Low,Cybersecurity,Low
502569,16,16,Low,Agriculture,Low
782540,23,3,Critical,Retail,Low
444136,20,9,Low,Finance,Low
112885,21,5,Medium,Manufacturing,Low
232101,22,19,High,Agriculture,High
541457,17,22,Critical,Education,Medium
354963,6,4,Low,Education,Low
426806,20,16,High,Logistics,Medium
712018,19,7,Medium,Cybersecurity,Low
423668,21,13,High,Agriculture,Medium
108474,18,21,Medium,Healthcare,Medium
348918,18,20,Low,AI,Medium
460517,8,9,Medium,Finance,Low
458143,8,24,Critical,Cybersecurity,High
728896,24,13,High,Manufacturing,Low
414186,15,13,Medium,Finance,Low
576370,3,18,Medium,Healthcare,Medium
769795,9,10,Critical,Manufacturing,Low
323491,9,18,High,AI,Medium
315289,14,8,Low,Agriculture,Low
110372,4,14,Low,Retail,High
220784,6,12,Critical,E-Commerce,High
762002,20,14,Low,Healthcare,Low
308795,8,12,Medium,E-Commerce,Low
374725,25,8,High,Retail,Low
357912,7,9,Low,Education,Low
983825,10,6,Low,Education,Low
497329,22,6,High,E-Commerce,Low
419891,16,10,High,Agriculture,Low
793013,7,19,Critical,Finance,High
224249,6,7,Medium,E-Commerce,Medium
658424,14,14,High,Manufacturing,Low
550405,22,10,Low,Manufacturing,Low
715855,8,20,High,Education,Medium
443598,9,4,High,Education,Low
992865,18,21,Critical,E-Commerce,Medium
862627,4,18,Low,Education,Medium
633320,14,23,High,Cybersecurity,Medium
644098,16,8,High,Agriculture,Low
651001,24,18,Critical,Cybersecurity,Medium
381370,20,15,Low,E-Commerce,Low
330189,8,17,Medium,AI,Low
329212,11,16,Critical,Manufacturing,Medium
264845,13,11,Low,Education,Low
888133,4,12,Critical,Retail,Medium
468653,9,21,Low,Cybersecurity,Medium
637145,21,13,Critical,Cybersecurity,Medium
590262,15,16,High,Cybersecurity,Low
432420,10,15,Low,Education,Low
563143,9,11,Low,Agriculture,Low
186422,11,19,Low,Logistics,Medium
338804,5,6,Low,Agriculture,Low
140140,19,9,High,E-Commerce,Medium
807901,12,11,High,Logistics,Low
